{
  "1HWK": {
    "ligand": "117",
    "center_x": 19.36,
    "center_y": 7.61,
    "center_z": 15.47,
    "size_x": 21.71,
    "size_y": 21.35,
    "size_z": 20.0,
    "ligand_atoms": 41,
    "padding": 10.0
  },
  "1TBF": {
    "ligand": "VIA",
    "center_x": 28.73,
    "center_y": 30.17,
    "center_z": 65.13,
    "size_x": 20.71,
    "size_y": 20.0,
    "size_z": 20.0,
    "ligand_atoms": 33,
    "padding": 10.0
  },
  "3QXY": {
    "ligand": "SAM",
    "center_x": 63.51,
    "center_y": 19.7,
    "center_z": 10.38,
    "size_x": 20.0,
    "size_y": 20.0,
    "size_z": 20.0,
    "ligand_atoms": 27,
    "padding": 10.0
  },
  "4YAY": {
    "ligand": "ZD7",
    "center_x": -16.73,
    "center_y": 9.99,
    "center_z": 41.79,
    "size_x": 20.0,
    "size_y": 21.61,
    "size_z": 20.0,
    "ligand_atoms": 33,
    "padding": 10.0
  },
  "6MS7": {
    "ligand": "V77",
    "center_x": 48.95,
    "center_y": 11.73,
    "center_z": 11.14,
    "size_x": 23.79,
    "size_y": 21.32,
    "size_z": 21.69,
    "ligand_atoms": 40,
    "padding": 10.0
  }
}